Date_ID,Day of Week,Month,Day,Year
0,Tuesday,Jun,25,2013
1,Wednesday,Jul,17,2013
2,Friday,May,17,2013
3,Tuesday,May,21,2013
4,Wednesday,Jun,19,2013
5,Friday,Aug,9,2013
6,Sunday,Jul,14,2013
7,Wednesday,Nov,14,2012
8,Friday,Sep,14,2012
9,Sunday,Jan,20,2013
10,Friday,Jul,12,2013
11,Saturday,Jun,15,2013
12,Thursday,Aug,1,2013
13,Wednesday,Jan,23,2013
14,Wednesday,Aug,7,2013
15,Thursday,Oct,18,2012
16,Friday,Oct,12,2012
17,Friday,Oct,19,2012
18,Friday,Jun,21,2013
19,Tuesday,Aug,13,2013
20,Thursday,Jan,17,2013
21,Thursday,Jun,13,2013
22,Friday,Jan,18,2013
23,Wednesday,May,8,2013
24,Tuesday,May,7,2013
25,Monday,Oct,22,2012
26,Tuesday,Oct,23,2012
27,Saturday,Oct,20,2012
28,Sunday,Oct,21,2012
29,Monday,Dec,24,2012
30,Tuesday,Dec,25,2012
31,Sunday,Dec,23,2012
32,Sunday,Jul,21,2013
33,Monday,Jan,21,2013
34,Friday,Jul,19,2013
35,Monday,Aug,5,2013
36,Monday,Sep,3,2012
37,Monday,May,13,2013
38,Thursday,May,16,2013
39,Thursday,Jul,18,2013
40,Monday,Mar,11,2013
41,Tuesday,Aug,6,2013
42,Saturday,Nov,10,2012
43,Wednesday,Jul,10,2013
44,Monday,Jul,15,2013
45,Saturday,Oct,27,2012
46,Sunday,Oct,28,2012
47,Wednesday,Oct,17,2012
48,Friday,Oct,26,2012
49,Friday,Jun,28,2013
50,Thursday,Jun,27,2013
51,Monday,Apr,1,2013
52,Thursday,Oct,25,2012
53,Sunday,Nov,18,2012
54,Thursday,Nov,15,2012
55,Thursday,Nov,1,2012
56,Monday,Nov,19,2012
57,Sunday,Nov,25,2012
58,Wednesday,Nov,28,2012
59,Tuesday,Nov,27,2012
60,Wednesday,Dec,26,2012
61,Tuesday,Jul,16,2013
62,Saturday,Dec,29,2012
63,Monday,Oct,15,2012
64,Thursday,Mar,19,2015
65,Friday,Mar,20,2015
66,Wednesday,Jan,21,2015
67,Saturday,Jan,10,2015
68,Tuesday,Jan,13,2015
69,Sunday,Mar,22,2015
70,Wednesday,Jan,28,2015
71,Saturday,Mar,21,2015
72,Tuesday,Jan,27,2015
73,Saturday,Feb,28,2015
74,Saturday,Jun,22,2013
75,Monday,May,11,2015
76,Thursday,Jan,8,2015
77,Wednesday,Feb,25,2015
78,Wednesday,May,13,2015
79,Friday,Jun,5,2015
80,Saturday,May,23,2015
81,Wednesday,May,6,2015
82,Friday,Jan,9,2015
83,Friday,Feb,27,2015
84,Tuesday,May,12,2015
85,Thursday,Jan,29,2015
86,Tuesday,Jan,20,2015
87,Wednesday,Jan,14,2015
88,Thursday,May,7,2015
89,Sunday,May,10,2015
90,Monday,Feb,23,2015
91,Thursday,Feb,26,2015
92,Monday,Jan,12,2015
93,Sunday,Jan,11,2015
94,Friday,Dec,26,2014
95,Sunday,Feb,15,2015
96,Friday,Dec,19,2014
97,Thursday,Jun,5,2014
98,Wednesday,Dec,24,2014
99,Thursday,Oct,2,2014
100,Saturday,Dec,27,2014
101,Saturday,Jan,17,2015
102,Sunday,Mar,1,2015
103,Friday,Jan,2,2015
104,Wednesday,Feb,4,2015
105,Saturday,May,9,2015
106,Sunday,Jan,25,2015
107,Monday,May,4,2015
108,Monday,Feb,2,2015
109,Thursday,Feb,19,2015
110,Sunday,Jan,18,2015
111,Thursday,Jan,22,2015
112,Thursday,Nov,20,2014
113,Monday,Jan,5,2015
114,Monday,Dec,29,2014
115,Wednesday,Oct,15,2014
116,Sunday,Dec,28,2014
117,Tuesday,Dec,30,2014
118,Tuesday,Dec,9,2014
119,Saturday,Dec,13,2014
120,Sunday,Jan,4,2015
121,Tuesday,Mar,24,2015
122,Wednesday,Mar,18,2015
123,Saturday,Mar,28,2015
124,Monday,Jan,20,2014
125,Thursday,Jan,15,2015
126,Saturday,Feb,14,2015
127,Tuesday,Feb,3,2015
128,Friday,May,23,2014
129,Sunday,Dec,21,2014
130,Thursday,Dec,26,2013
131,Saturday,Nov,1,2014
132,Tuesday,Feb,24,2015
133,Monday,Mar,30,2015
134,Sunday,May,3,2015
135,Thursday,Jan,1,2015
136,Saturday,Jan,24,2015
137,Friday,Mar,27,2015
138,Friday,May,8,2015
139,Friday,Feb,13,2015
140,Saturday,Jan,31,2015
141,Thursday,Feb,12,2015
142,Sunday,Feb,1,2015
143,Wednesday,Jan,1,2014
144,Wednesday,Jun,3,2015
145,Monday,Jan,19,2015
146,Monday,Dec,15,2014
147,Wednesday,Dec,31,2014
148,Wednesday,Dec,17,2014
149,Monday,Feb,29,2016
150,Monday,Feb,16,2015
151,Saturday,Feb,7,2015
152,Saturday,Jul,26,2014
153,Saturday,Dec,20,2014
154,Wednesday,Jan,7,2015
155,Friday,Jan,23,2015
156,Wednesday,Dec,30,2015
157,Tuesday,Jan,5,2016
158,Wednesday,Feb,18,2015
159,Friday,Feb,6,2015
160,Saturday,Nov,8,2014
161,Monday,Jan,26,2015
162,Sunday,Feb,22,2015
163,Monday,Jan,4,2016
164,Sunday,Dec,27,2015
165,Monday,Jul,7,2014
166,Sunday,Jan,6,2013
167,Tuesday,Oct,21,2014
168,Sunday,Apr,19,2015
169,Saturday,Dec,5,2015
170,Sunday,Feb,8,2015
171,Wednesday,Feb,11,2015
172,Sunday,Dec,7,2014
173,Tuesday,Dec,22,2015
174,Saturday,Dec,19,2015
175,Saturday,Nov,7,2015
176,Friday,Mar,6,2015
177,Thursday,Dec,17,2015
178,Thursday,Dec,31,2015
179,Wednesday,Dec,10,2014
180,Friday,Jan,16,2015
181,Thursday,Apr,9,2015
182,Wednesday,Dec,2,2015
183,Wednesday,Mar,25,2015
184,Sunday,Jun,15,2014
185,Tuesday,Dec,23,2014
186,Wednesday,Aug,12,2015
187,Friday,Oct,16,2015
188,Wednesday,Jan,8,2014
189,Monday,Dec,21,2015
190,Friday,Apr,17,2015
191,Friday,Feb,20,2015
192,Friday,Apr,24,2015
193,Monday,Mar,2,2015
194,Monday,Mar,23,2015
195,Wednesday,Nov,26,2014
196,Friday,Dec,5,2014
197,Monday,Mar,16,2015
198,Sunday,May,17,2015
199,Tuesday,Sep,9,2014
200,Thursday,Mar,12,2015
201,Thursday,Apr,23,2015
202,Wednesday,Mar,11,2015
203,Friday,Jan,30,2015
204,Thursday,Mar,26,2015
205,Sunday,Nov,23,2014
206,Sunday,Mar,29,2015
207,Saturday,May,2,2015
208,Thursday,Apr,16,2015
209,Friday,Nov,14,2014
210,Tuesday,Mar,17,2015
211,Saturday,Apr,11,2015
212,Friday,Mar,13,2015
213,Tuesday,Feb,17,2015
214,Saturday,Mar,7,2015
215,Tuesday,Mar,31,2015
216,Tuesday,Feb,10,2015
217,Monday,Nov,17,2014
218,Friday,Apr,3,2015
219,Monday,Dec,1,2014
220,Thursday,May,14,2015
221,Friday,Dec,28,2012
222,Wednesday,Apr,22,2015
223,Monday,Apr,20,2015
224,Tuesday,Mar,3,2015
225,Tuesday,Mar,10,2015
226,Saturday,Jan,3,2015
227,Monday,Nov,24,2014
228,Saturday,Feb,21,2015
229,Saturday,Apr,25,2015
230,Saturday,Mar,14,2015
231,Saturday,Mar,1,2014
232,Wednesday,Apr,1,2015
233,Tuesday,Apr,28,2015
234,Tuesday,Oct,1,2013
235,Tuesday,Apr,7,2015
236,Wednesday,Apr,15,2015
237,Wednesday,Apr,8,2015
238,Sunday,Jun,1,2014
239,Wednesday,Oct,1,2014
240,Monday,Nov,3,2014
241,Tuesday,Nov,18,2014
242,Tuesday,Jan,6,2015
243,Saturday,May,16,2015
244,Monday,Feb,9,2015
245,Tuesday,Mar,25,2014
246,Wednesday,Apr,29,2015
247,Thursday,Feb,5,2015
248,Saturday,Apr,18,2015
249,Saturday,Dec,31,2011
250,Friday,May,1,2015
251,Friday,May,15,2015
252,Thursday,Apr,30,2015
253,Saturday,May,3,2014
254,Friday,Apr,10,2015
255,Tuesday,May,5,2015
256,Monday,Apr,27,2015
257,Monday,Mar,9,2015
258,Thursday,Dec,18,2014
259,Sunday,Mar,15,2015
260,Saturday,May,30,2015
261,Tuesday,Apr,21,2015
262,Wednesday,Jan,6,2016
263,Tuesday,May,19,2015
264,Thursday,Apr,2,2015
265,Saturday,Sep,20,2014
266,Saturday,Apr,4,2015
267,Sunday,Jun,22,2014
268,Sunday,Dec,6,2015
269,Tuesday,Dec,29,2015
270,Tuesday,Apr,14,2015
271,Thursday,Jan,7,2016
272,Monday,Apr,6,2015
273,Monday,Nov,23,2015
274,Sunday,Apr,12,2015
275,Thursday,Dec,11,2014
276,Monday,May,18,2015
277,Saturday,Jan,2,2016
278,Saturday,Jun,7,2014
279,Friday,Apr,25,2014
280,Tuesday,Feb,2,2016
281,Thursday,Jan,28,2016
282,Saturday,Jan,9,2016
283,Tuesday,Jan,12,2016
284,Wednesday,Nov,4,2015
285,Saturday,Dec,26,2015
286,Monday,Apr,13,2015
287,Wednesday,Oct,14,2015
288,Saturday,Feb,13,2016
289,Friday,Jan,1,2016
290,Sunday,Jan,3,2016
291,Monday,Dec,22,2014
292,Sunday,Jan,10,2016
293,Friday,Feb,12,2016
294,Thursday,Dec,24,2015
295,Wednesday,Feb,3,2016
296,Friday,Jan,29,2016
297,Friday,Jan,22,2016
298,Sunday,Feb,14,2016
299,Thursday,Mar,5,2015
300,Sunday,Nov,29,2015
301,Thursday,Feb,11,2016
302,Friday,Aug,1,2014
303,Wednesday,Mar,4,2015
304,Wednesday,Feb,10,2016
305,Sunday,May,31,2015
306,Monday,Jun,8,2015
307,Tuesday,Dec,1,2015
308,Monday,Feb,15,2016
309,Friday,Feb,5,2016
310,Thursday,Sep,3,2015
311,Monday,May,25,2015
312,Sunday,Jun,7,2015
313,Saturday,Jun,6,2015
314,Sunday,Jan,31,2016
315,Wednesday,Dec,16,2015
316,Tuesday,Jun,16,2015
317,Wednesday,May,20,2015
318,Wednesday,May,27,2015
319,Monday,Nov,30,2015
320,Friday,May,22,2015
321,Friday,May,29,2015
322,Thursday,Oct,15,2015
323,Saturday,Jan,16,2016
324,Monday,Oct,20,2014
325,Wednesday,Jan,13,2016
326,Friday,Nov,6,2015
327,Saturday,Jan,30,2016
328,Wednesday,Jan,27,2016
329,Sunday,Feb,7,2016
330,Friday,Feb,26,2016
331,Sunday,Apr,5,2015
332,Friday,Jan,15,2016
333,Friday,Dec,4,2015
334,Monday,Jan,25,2016
335,Saturday,Jan,23,2016
336,Friday,Jan,8,2016
337,Monday,Feb,8,2016
338,Sunday,Feb,28,2016
339,Tuesday,Jan,26,2016
340,Thursday,Jul,23,2015
341,Thursday,Feb,4,2016
342,Saturday,Feb,6,2016
343,Tuesday,Dec,16,2014
344,Sunday,Dec,20,2015
345,Thursday,Feb,18,2016
346,Thursday,Feb,25,2016
347,Saturday,Dec,12,2015
348,Thursday,Jan,21,2016
349,Tuesday,Mar,1,2016
350,Wednesday,Feb,24,2016
351,Sunday,Dec,13,2015
352,Sunday,Jan,24,2016
353,Monday,Jan,11,2016
354,Friday,Dec,11,2015
355,Saturday,Feb,27,2016
356,Tuesday,Jan,19,2016
357,Tuesday,Feb,9,2016
358,Tuesday,Dec,15,2015
359,Tuesday,Nov,24,2015
360,Wednesday,Jan,20,2016
361,Friday,Dec,25,2015
362,Saturday,Oct,31,2015
363,Thursday,Dec,10,2015
364,Monday,Feb,22,2016
365,Sunday,Jan,17,2016
366,Sunday,Feb,21,2016
367,Wednesday,Feb,17,2016
368,Monday,Jan,18,2016
369,Thursday,Mar,3,2016
370,Wednesday,Nov,18,2015
371,Wednesday,Mar,2,2016
372,Wednesday,Nov,11,2015
373,Friday,Feb,19,2016
374,Monday,Nov,9,2015
375,Saturday,Feb,20,2016
376,Wednesday,Oct,28,2015
377,Thursday,Dec,3,2015
378,Tuesday,Feb,16,2016
379,Monday,Feb,1,2016
380,Tuesday,Feb,23,2016
381,Friday,Aug,14,2015
382,Thursday,Jan,14,2016
383,Friday,Oct,9,2015
384,Monday,Dec,28,2015
385,Wednesday,Dec,23,2015
386,Sunday,Nov,15,2015
387,Tuesday,Oct,13,2015
388,Friday,Nov,27,2015
389,Sunday,Nov,1,2015
390,Saturday,Mar,5,2011
391,Thursday,Jan,6,2011
392,Friday,Mar,4,2011
393,Tuesday,Mar,1,2011
394,Monday,Feb,28,2011
395,Monday,Mar,7,2011
396,Friday,Jan,7,2011
397,Friday,Jul,10,2015
398,Friday,Mar,18,2011
399,Monday,Apr,4,2011
400,Wednesday,Apr,20,2011
401,Thursday,Apr,21,2011
402,Monday,Mar,28,2011
403,Sunday,Apr,24,2011
404,Wednesday,Mar,9,2011
405,Thursday,Mar,10,2011
406,Thursday,Mar,17,2011
407,Tuesday,Apr,12,2011
408,Tuesday,Jan,11,2011
409,Sunday,Apr,10,2011
410,Sunday,Mar,6,2011
411,Tuesday,Mar,15,2011
412,Saturday,Nov,21,2015
413,Tuesday,Mar,29,2011
414,Sunday,Mar,20,2011
415,Saturday,Feb,12,2011
416,Wednesday,Mar,30,2011
417,Saturday,Apr,9,2011
418,Wednesday,Mar,16,2011
419,Sunday,May,29,2011
420,Sunday,May,8,2011
421,Saturday,May,7,2011
422,Saturday,Apr,23,2011
423,Friday,May,6,2011
424,Friday,Apr,8,2011
425,Thursday,Mar,31,2011
426,Friday,Apr,1,2011
427,Sunday,Jun,12,2011
428,Thursday,Jan,13,2011
429,Saturday,Mar,19,2011
430,Saturday,Jan,8,2011
431,Tuesday,Mar,22,2011
432,Thursday,Jun,9,2011
433,Monday,Mar,21,2011
434,Monday,Apr,18,2011
435,Tuesday,Apr,19,2011
436,Thursday,Apr,7,2011
437,Thursday,Mar,3,2011
438,Wednesday,Mar,23,2011
439,Monday,Apr,11,2011
440,Wednesday,Jun,8,2011
441,Saturday,Mar,12,2011
442,Thursday,May,19,2011
443,Wednesday,Apr,6,2011
444,Thursday,Nov,5,2015
445,Saturday,Apr,2,2011
446,Monday,May,9,2011
447,Tuesday,Jan,4,2011
448,Friday,Mar,25,2011
449,Monday,Jan,10,2011
450,Wednesday,May,11,2011
451,Saturday,Apr,16,2011
452,Monday,Oct,26,2015
453,Tuesday,May,17,2011
454,Monday,May,16,2011
455,Saturday,May,14,2011
456,Monday,May,23,2011
457,Saturday,May,28,2011
458,Friday,Jan,14,2011
459,Friday,May,27,2011
460,Saturday,Jan,15,2011
461,Tuesday,May,24,2011
462,Wednesday,Apr,13,2011
463,Monday,Apr,25,2011
464,Thursday,Mar,24,2011
465,Friday,Apr,22,2011
466,Wednesday,May,4,2011
467,Sunday,Apr,17,2011
468,Thursday,May,5,2011
469,Sunday,Jan,9,2011
470,Wednesday,May,18,2011
471,Monday,May,30,2011
472,Tuesday,May,31,2011
473,Sunday,May,15,2011
474,Saturday,Aug,8,2015
475,Wednesday,Jun,1,2011
476,Friday,Mar,11,2011
477,Saturday,Mar,26,2011
478,Sunday,Mar,27,2011
479,Sunday,Apr,3,2011
480,Thursday,Apr,28,2011
481,Tuesday,Apr,26,2011
482,Thursday,Feb,10,2011
483,Saturday,Feb,26,2011
484,Wednesday,Jan,12,2011
485,Friday,Jul,15,2011
486,Thursday,Apr,14,2011
487,Thursday,Jan,27,2011
488,Thursday,May,26,2011
489,Sunday,May,22,2011
490,Saturday,Jun,11,2011
491,Wednesday,Apr,27,2011
492,Tuesday,Feb,1,2011
493,Tuesday,Mar,8,2011
494,Monday,Jan,17,2011
495,Tuesday,Jul,5,2011
496,Friday,Feb,25,2011
497,Friday,May,20,2011
498,Monday,Feb,14,2011
499,Sunday,Jan,2,2011
500,Friday,Feb,11,2011
501,Friday,Apr,15,2011
502,Thursday,Oct,1,2015
503,Wednesday,Mar,2,2011
504,Tuesday,Jun,7,2011
505,Wednesday,Jul,20,2011
506,Tuesday,Jul,19,2011
507,Tuesday,Jun,21,2011
508,Sunday,Mar,13,2011
509,Monday,Jun,20,2011
510,Saturday,Jul,2,2011
511,Wednesday,May,25,2011
512,Monday,Jul,11,2011
513,Saturday,Jul,16,2011
514,Friday,Jun,10,2011
515,Thursday,Jun,23,2011
516,Saturday,Jun,25,2011
517,Friday,Apr,29,2011
518,Saturday,Jul,9,2011
519,Tuesday,Apr,5,2011
520,Wednesday,Jan,19,2011
521,Monday,May,2,2011
522,Tuesday,May,3,2011
523,Thursday,Jul,21,2011
524,Saturday,Jun,18,2011
525,Friday,Jul,1,2011
526,Thursday,Sep,15,2011
527,Tuesday,Jun,28,2011
528,Thursday,Jun,16,2011
529,Tuesday,Jun,14,2011
530,Monday,Mar,14,2011
531,Monday,Jun,13,2011
532,Sunday,Jan,16,2011
533,Saturday,Apr,30,2011
534,Tuesday,May,10,2011
535,Friday,May,13,2011
536,Friday,Jul,8,2011
537,Thursday,Jun,2,2011
538,Friday,Jun,3,2011
539,Tuesday,Jan,18,2011
540,Wednesday,Jul,13,2011
541,Friday,Jun,24,2011
542,Saturday,Jun,4,2011
543,Wednesday,Jun,29,2011
544,Sunday,Jul,3,2011
545,Sunday,May,1,2011
546,Monday,Jan,3,2011
547,Saturday,May,21,2011
548,Sunday,Jun,5,2011
549,Tuesday,Feb,22,2011
550,Thursday,May,12,2011
551,Tuesday,Jul,12,2011
552,Thursday,Aug,25,2011
553,Monday,Jan,24,2011
554,Wednesday,Aug,24,2011
555,Thursday,Jul,28,2011
556,Sunday,Jul,10,2011
557,Sunday,Jul,24,2011
558,Wednesday,Jun,22,2011
559,Sunday,Jun,19,2011
560,Saturday,Jul,23,2011
561,Friday,Jul,22,2011
562,Friday,Jun,17,2011
563,Monday,Jul,4,2011
564,Thursday,Jul,14,2011
565,Sunday,Jun,26,2011
566,Thursday,Jun,30,2011
567,Sunday,Aug,7,2011
568,Thursday,Jan,20,2011
569,Monday,Aug,8,2011
570,Thursday,Jul,7,2011
571,Tuesday,Jan,25,2011
572,Wednesday,Aug,31,2011
573,Friday,Sep,2,2011
574,Wednesday,Jul,6,2011
575,Sunday,Jul,17,2011
576,Monday,Jun,27,2011
577,Monday,Jun,6,2011
578,Friday,Jul,29,2011
579,Sunday,Aug,14,2011
580,Monday,Jul,25,2011
581,Friday,Jan,21,2011
582,Wednesday,Aug,10,2011
583,Friday,Aug,12,2011
584,Thursday,Aug,11,2011
585,Saturday,Aug,6,2011
586,Tuesday,Jul,26,2011
587,Monday,Aug,1,2011
588,Thursday,Aug,4,2011
589,Monday,Aug,15,2011
590,Monday,Jul,18,2011
591,Sunday,Jul,31,2011
592,Saturday,Aug,27,2011
593,Sunday,Aug,28,2011
594,Tuesday,Aug,16,2011
595,Tuesday,Aug,30,2011
596,Friday,Aug,26,2011
597,Wednesday,Jun,15,2011
598,Monday,Sep,5,2011
599,Saturday,Aug,13,2011
600,Sunday,Jan,23,2011
601,Monday,Aug,22,2011
602,Wednesday,Aug,3,2011
603,Wednesday,Aug,17,2011
604,Saturday,Sep,3,2011
605,Sunday,Sep,4,2011
606,Saturday,Jul,30,2011
607,Tuesday,Aug,2,2011
608,Thursday,Aug,18,2011
609,Tuesday,Aug,9,2011
610,Wednesday,Jul,27,2011
611,Sunday,Aug,21,2011
612,Friday,Aug,19,2011
613,Saturday,Jan,22,2011
614,Saturday,Oct,1,2011
615,Sunday,Oct,9,2011
616,Monday,Oct,10,2011
617,Friday,Jan,28,2011
618,Tuesday,Oct,11,2011
619,Friday,Aug,5,2011
620,Monday,Aug,29,2011
621,Sunday,Sep,25,2011
622,Thursday,Sep,8,2011
623,Monday,Sep,26,2011
624,Thursday,Sep,1,2011
625,Tuesday,Sep,6,2011
626,Wednesday,Sep,21,2011
627,Friday,Oct,7,2011
628,Wednesday,Sep,7,2011
629,Wednesday,Oct,5,2011
630,Tuesday,Oct,4,2011
631,Saturday,Aug,20,2011
632,Tuesday,Aug,23,2011
633,Monday,Oct,17,2011
634,Saturday,Oct,15,2011
635,Saturday,Sep,10,2011
636,Saturday,Sep,24,2011
637,Tuesday,Sep,13,2011
638,Friday,Sep,30,2011
639,Thursday,Sep,29,2011
640,Wednesday,Oct,12,2011
641,Thursday,Oct,13,2011
642,Sunday,Sep,11,2011
643,Sunday,Oct,16,2011
644,Tuesday,Sep,27,2011
645,Sunday,Sep,18,2011
646,Monday,Sep,19,2011
647,Friday,Sep,9,2011
648,Thursday,Oct,6,2011
649,Thursday,Sep,22,2011
650,Friday,Sep,16,2011
651,Wednesday,Jan,26,2011
652,Friday,Sep,23,2011
653,Friday,Oct,14,2011
654,Saturday,Sep,17,2011
655,Wednesday,Sep,28,2011
656,Wednesday,Sep,14,2011
657,Monday,Sep,12,2011
658,Tuesday,Sep,20,2011
659,Saturday,Nov,5,2011
660,Sunday,Nov,6,2011
661,Sunday,Oct,2,2011
662,Monday,Oct,3,2011
663,Tuesday,Oct,18,2011
664,Wednesday,Oct,19,2011
665,Saturday,Jan,29,2011
666,Friday,Nov,4,2011
667,Thursday,Oct,20,2011
668,Friday,Oct,21,2011
669,Monday,Jan,31,2011
670,Wednesday,Feb,2,2011
671,Saturday,Oct,8,2011
672,Friday,Feb,4,2011
673,Sunday,Feb,6,2011
674,Thursday,Nov,3,2011
675,Sunday,Jan,30,2011
676,Sunday,Oct,30,2011
677,Tuesday,Nov,8,2011
678,Monday,Nov,7,2011
679,Sunday,Oct,23,2011
680,Monday,Feb,7,2011
681,Saturday,Feb,5,2011
682,Wednesday,Feb,16,2011
683,Friday,Feb,18,2011
684,Sunday,Nov,13,2011
685,Friday,Nov,11,2011
686,Saturday,Nov,12,2011
687,Thursday,Feb,17,2011
688,Sunday,Feb,27,2011
689,Wednesday,Feb,23,2011
690,Thursday,Feb,24,2011
691,Sunday,Feb,20,2011
692,Tuesday,Nov,1,2011
693,Thursday,Nov,10,2011
694,Monday,Oct,24,2011
695,Monday,Nov,14,2011
696,Thursday,Nov,17,2011
697,Saturday,Oct,29,2011
698,Wednesday,Jan,5,2011
699,Wednesday,Nov,16,2011
700,Friday,Nov,18,2011
701,Monday,Oct,31,2011
702,Wednesday,Nov,9,2011
703,Wednesday,Oct,26,2011
704,Saturday,Oct,22,2011
705,Tuesday,Oct,25,2011
706,Saturday,Feb,19,2011
707,Friday,Oct,28,2011
708,Wednesday,Nov,2,2011
709,Thursday,Feb,3,2011
710,Sunday,Feb,13,2011
711,Tuesday,Feb,15,2011
712,Sunday,Dec,18,2011
713,Wednesday,Dec,28,2011
714,Tuesday,Dec,13,2011
715,Monday,Dec,26,2011
716,Thursday,Dec,29,2011
717,Friday,Dec,30,2011
718,Tuesday,Dec,27,2011
719,Monday,Feb,21,2011
720,Tuesday,Feb,8,2011
721,Wednesday,Feb,9,2011
722,Friday,Dec,2,2011
723,Saturday,Dec,10,2011
724,Tuesday,Dec,20,2011
725,Saturday,Dec,24,2011
726,Sunday,Dec,25,2011
727,Monday,Dec,19,2011
728,Thursday,Dec,22,2011
729,Friday,Dec,23,2011
730,Tuesday,Nov,15,2011
731,Monday,Dec,12,2011
732,Thursday,Oct,27,2011
733,Sunday,Nov,27,2011
734,Wednesday,Nov,23,2011
735,Friday,Nov,25,2011
736,Saturday,Nov,19,2011
737,Monday,Nov,21,2011
738,Thursday,Dec,1,2011
739,Sunday,Nov,20,2011
740,Tuesday,Nov,22,2011
741,Saturday,Dec,17,2011
742,Friday,Dec,16,2011
743,Sunday,Dec,11,2011
744,Wednesday,Nov,30,2011
745,Saturday,Nov,26,2011
746,Tuesday,Nov,29,2011
747,Monday,Nov,28,2011
748,Wednesday,Dec,7,2011
749,Thursday,Dec,8,2011
750,Tuesday,Apr,3,2012
751,Sunday,Jan,8,2012
752,Wednesday,Apr,4,2012
753,Tuesday,Mar,13,2012
754,Thursday,Dec,15,2011
755,Wednesday,Mar,14,2012
756,Sunday,Mar,25,2012
757,Thursday,Mar,22,2012
758,Friday,Mar,23,2012
759,Thursday,Mar,15,2012
760,Sunday,Apr,1,2012
761,Friday,Mar,30,2012
762,Monday,Apr,16,2012
763,Monday,Feb,27,2012
764,Tuesday,Dec,6,2011
765,Friday,Apr,6,2012
766,Wednesday,Dec,21,2011
767,Friday,May,11,2012
768,Friday,May,4,2012
769,Saturday,May,5,2012
770,Tuesday,Mar,20,2012
771,Tuesday,Jan,10,2012
772,Monday,Jan,9,2012
773,Sunday,Dec,4,2011
774,Monday,Mar,12,2012
775,Friday,Dec,9,2011
776,Wednesday,Feb,15,2012
777,Wednesday,Jan,11,2012
778,Monday,Dec,5,2011
779,Saturday,Dec,3,2011
780,Saturday,Apr,7,2012
781,Saturday,Jan,7,2012
782,Saturday,Mar,24,2012
783,Friday,Mar,9,2012
784,Monday,Mar,19,2012
785,Saturday,May,19,2012
786,Sunday,Apr,8,2012
787,Friday,Mar,16,2012
788,Wednesday,Apr,18,2012
789,Thursday,Feb,2,2012
790,Saturday,Mar,31,2012
791,Sunday,Feb,26,2012
792,Wednesday,Dec,14,2011
793,Tuesday,Mar,27,2012
794,Thursday,Nov,24,2011
795,Thursday,Mar,29,2012
796,Thursday,Apr,26,2012
797,Thursday,Apr,5,2012
798,Monday,Apr,2,2012
799,Friday,Mar,2,2012
800,Wednesday,Mar,21,2012
801,Sunday,Mar,18,2012
802,Thursday,Mar,8,2012
803,Monday,Mar,26,2012
804,Thursday,Mar,1,2012
805,Thursday,Jan,12,2012
806,Friday,Apr,13,2012
807,Tuesday,Apr,17,2012
808,Sunday,Mar,11,2012
809,Friday,May,18,2012
810,Monday,Mar,5,2012
811,Thursday,Apr,19,2012
812,Saturday,Jan,14,2012
813,Monday,Apr,30,2012
814,Wednesday,Apr,25,2012
815,Friday,Jan,13,2012
816,Wednesday,Feb,8,2012
817,Friday,Jan,6,2012
818,Friday,Apr,20,2012
819,Friday,Apr,27,2012
820,Monday,May,7,2012
821,Wednesday,May,2,2012
822,Sunday,Jan,1,2012
823,Thursday,May,10,2012
824,Wednesday,May,9,2012
825,Thursday,Jan,19,2012
826,Tuesday,May,1,2012
827,Tuesday,May,8,2012
828,Sunday,May,6,2012
829,Saturday,Mar,17,2012
830,Friday,Feb,17,2012
831,Saturday,Feb,18,2012
832,Thursday,May,17,2012
833,Sunday,Apr,29,2012
834,Sunday,Apr,15,2012
835,Saturday,May,12,2012
836,Saturday,Apr,28,2012
837,Sunday,Jan,15,2012
838,Wednesday,Mar,28,2012
839,Saturday,Apr,14,2012
840,Sunday,May,20,2012
841,Tuesday,Apr,10,2012
842,Thursday,Apr,12,2012
843,Monday,Jan,16,2012
844,Tuesday,May,22,2012
845,Monday,Apr,9,2012
846,Sunday,Feb,12,2012
847,Monday,Jan,2,2012
848,Sunday,Apr,22,2012
849,Tuesday,Jun,12,2012
850,Saturday,Jun,9,2012
851,Monday,May,21,2012
852,Saturday,Apr,21,2012
853,Wednesday,May,16,2012
854,Friday,Feb,24,2012
855,Sunday,Jun,24,2012
856,Wednesday,Jul,4,2012
857,Tuesday,Jul,3,2012
858,Friday,Jun,29,2012
859,Sunday,Jul,1,2012
860,Thursday,May,31,2012
861,Saturday,Jun,30,2012
862,Tuesday,Apr,24,2012
863,Tuesday,Jan,3,2012
864,Thursday,Jun,14,2012
865,Friday,Jun,15,2012
866,Wednesday,Jan,18,2012
867,Friday,Jun,1,2012
868,Wednesday,Jun,13,2012
869,Tuesday,Mar,6,2012
870,Tuesday,May,15,2012
871,Monday,May,28,2012
872,Monday,May,14,2012
873,Tuesday,May,29,2012
874,Tuesday,Jun,5,2012
875,Sunday,May,13,2012
876,Monday,Jun,11,2012
877,Tuesday,Jan,17,2012
878,Friday,Jun,8,2012
879,Friday,Jun,22,2012
880,Thursday,Jun,21,2012
881,Saturday,Jun,23,2012
882,Wednesday,Jun,20,2012
883,Thursday,May,24,2012
884,Wednesday,Jun,27,2012
885,Monday,Jul,2,2012
886,Monday,Jun,25,2012
887,Saturday,Jun,2,2012
888,Sunday,May,27,2012
889,Wednesday,May,23,2012
890,Wednesday,May,30,2012
891,Thursday,Jun,7,2012
892,Saturday,Jan,21,2012
893,Thursday,Jun,28,2012
894,Sunday,Jun,10,2012
895,Sunday,Jun,3,2012
896,Sunday,Jan,22,2012
897,Monday,Jun,4,2012
898,Saturday,Feb,4,2012
899,Thursday,May,3,2012
900,Tuesday,Jun,26,2012
901,Tuesday,Jun,19,2012
902,Saturday,Jun,16,2012
903,Tuesday,Feb,14,2012
904,Friday,May,25,2012
905,Wednesday,Apr,11,2012
906,Friday,Jan,20,2012
907,Wednesday,Jul,18,2012
908,Tuesday,Jan,24,2012
909,Saturday,Jul,28,2012
910,Thursday,Jul,5,2012
911,Wednesday,Jan,25,2012
912,Friday,Aug,10,2012
913,Tuesday,Jul,24,2012
914,Friday,Jul,13,2012
915,Saturday,Aug,11,2012
916,Tuesday,Aug,7,2012
917,Saturday,May,26,2012
918,Sunday,Jul,22,2012
919,Wednesday,Aug,1,2012
920,Friday,Aug,3,2012
921,Monday,Apr,23,2012
922,Sunday,Jun,17,2012
923,Thursday,Aug,16,2012
924,Sunday,Jul,15,2012
925,Wednesday,Jul,25,2012
926,Friday,Jul,6,2012
927,Saturday,Jul,7,2012
928,Thursday,Jul,12,2012
929,Sunday,Jul,29,2012
930,Sunday,Aug,5,2012
931,Monday,Jul,16,2012
932,Wednesday,Jun,6,2012
933,Monday,Aug,13,2012
934,Friday,Jan,27,2012
935,Tuesday,Aug,14,2012
936,Monday,Jul,23,2012
937,Thursday,Jul,26,2012
938,Wednesday,Aug,8,2012
939,Saturday,Jul,14,2012
940,Thursday,Aug,2,2012
941,Tuesday,Jul,31,2012
942,Monday,Jul,9,2012
943,Friday,Jul,20,2012
944,Thursday,Aug,9,2012
945,Saturday,Jul,21,2012
946,Saturday,Aug,4,2012
947,Thursday,Jan,26,2012
948,Friday,Jul,27,2012
949,Thursday,Jul,19,2012
950,Tuesday,Jul,17,2012
951,Sunday,Aug,12,2012
952,Monday,Aug,6,2012
953,Monday,Jun,18,2012
954,Sunday,Sep,16,2012
955,Thursday,Sep,27,2012
956,Monday,Sep,24,2012
957,Monday,Jan,23,2012
958,Saturday,Sep,8,2012
959,Friday,Sep,7,2012
960,Sunday,Sep,23,2012
961,Sunday,Jul,8,2012
962,Tuesday,Jul,10,2012
963,Sunday,Aug,19,2012
964,Saturday,Jan,28,2012
965,Tuesday,Aug,28,2012
966,Monday,Aug,20,2012
967,Friday,Aug,17,2012
968,Saturday,Aug,18,2012
969,Wednesday,Feb,1,2012
970,Saturday,Sep,22,2012
971,Wednesday,Jul,11,2012
972,Tuesday,Aug,21,2012
973,Sunday,Sep,2,2012
974,Wednesday,Sep,12,2012
975,Thursday,Sep,13,2012
976,Monday,Jan,30,2012
977,Saturday,Sep,1,2012
978,Friday,Aug,24,2012
979,Friday,Aug,31,2012
980,Wednesday,Sep,19,2012
981,Tuesday,Sep,18,2012
982,Wednesday,Aug,15,2012
983,Tuesday,Sep,4,2012
984,Wednesday,Jan,4,2012
985,Monday,Jul,30,2012
986,Sunday,Jan,29,2012
987,Saturday,Aug,25,2012
988,Tuesday,Jan,31,2012
989,Wednesday,Aug,29,2012
990,Wednesday,Aug,22,2012
991,Saturday,Sep,15,2012
992,Tuesday,Sep,11,2012
993,Monday,Aug,27,2012
994,Monday,Sep,10,2012
995,Sunday,Sep,9,2012
996,Thursday,Jan,5,2012
997,Tuesday,Feb,7,2012
998,Wednesday,Oct,10,2012
999,Thursday,Sep,6,2012
1000,Thursday,Aug,23,2012
1001,Monday,Sep,17,2012
1002,Wednesday,Sep,5,2012
1003,Thursday,Aug,30,2012
1004,Friday,Sep,21,2012
1005,Wednesday,Dec,5,2012
1006,Sunday,Dec,2,2012
1007,Friday,Sep,28,2012
1008,Tuesday,Oct,9,2012
1009,Wednesday,Oct,31,2012
1010,Tuesday,Oct,30,2012
1011,Thursday,Sep,20,2012
1012,Friday,Oct,5,2012
1013,Sunday,Oct,14,2012
1014,Sunday,Feb,5,2012
1015,Wednesday,Oct,3,2012
1016,Monday,Oct,1,2012
1017,Wednesday,Sep,26,2012
1018,Tuesday,Sep,25,2012
1019,Tuesday,Oct,16,2012
1020,Saturday,Sep,29,2012
1021,Sunday,Aug,26,2012
1022,Saturday,Nov,3,2012
1023,Sunday,Nov,4,2012
1024,Saturday,Oct,13,2012
1025,Saturday,Nov,24,2012
1026,Friday,Nov,23,2012
1027,Monday,Oct,8,2012
1028,Saturday,Oct,6,2012
1029,Thursday,Feb,9,2012
1030,Friday,Nov,2,2012
1031,Thursday,Oct,4,2012
1032,Sunday,Sep,30,2012
1033,Wednesday,Oct,24,2012
1034,Monday,Feb,6,2012
1035,Sunday,Dec,16,2012
1036,Monday,Oct,29,2012
1037,Friday,Dec,14,2012
1038,Tuesday,Dec,11,2012
1039,Sunday,Oct,7,2012
1040,Sunday,Nov,11,2012
1041,Tuesday,Oct,2,2012
1042,Friday,Nov,9,2012
1043,Monday,Nov,26,2012
1044,Thursday,Oct,11,2012
1045,Saturday,Dec,8,2012
1046,Friday,Dec,21,2012
1047,Tuesday,Dec,18,2012
1048,Saturday,Nov,17,2012
1049,Monday,Dec,17,2012
1050,Tuesday,Nov,13,2012
1051,Friday,Dec,7,2012
1052,Monday,Dec,3,2012
1053,Tuesday,Dec,4,2012
1054,Monday,Nov,12,2012
1055,Friday,Feb,3,2012
1056,Monday,Nov,5,2012
1057,Tuesday,Nov,6,2012
1058,Friday,Nov,30,2012
1059,Thursday,Nov,29,2012
1060,Wednesday,Nov,7,2012
1061,Saturday,Dec,22,2012
1062,Thursday,Nov,8,2012
1063,Wednesday,Dec,12,2012
1064,Saturday,Dec,1,2012
1065,Thursday,Dec,6,2012
1066,Saturday,Feb,11,2012
1067,Friday,Feb,10,2012
1068,Thursday,Nov,22,2012
1069,Tuesday,Nov,20,2012
1070,Wednesday,Dec,19,2012
1071,Saturday,Dec,15,2012
1072,Friday,Nov,16,2012
1073,Monday,Feb,13,2012
1074,Thursday,Dec,13,2012
1075,Wednesday,Mar,7,2012
1076,Sunday,Mar,10,2013
1077,Sunday,Dec,9,2012
1078,Wednesday,Nov,21,2012
1079,Tuesday,Jan,8,2013
1080,Monday,Dec,10,2012
1081,Thursday,Dec,20,2012
1082,Thursday,Feb,16,2012
1083,Sunday,Feb,19,2012
1084,Friday,Mar,8,2013
1085,Monday,Jan,7,2013
1086,Saturday,Mar,9,2013
1087,Sunday,Mar,4,2012
1088,Saturday,Mar,3,2012
1089,Sunday,Dec,30,2012
1090,Thursday,Feb,23,2012
1091,Wednesday,Feb,22,2012
1092,Tuesday,Feb,28,2012
1093,Wednesday,Feb,29,2012
1094,Monday,Feb,20,2012
1095,Saturday,Feb,25,2012
1096,Thursday,Dec,27,2012
1097,Saturday,Mar,10,2012
1098,Tuesday,Mar,12,2013
1099,Tuesday,Feb,21,2012
1100,Thursday,Mar,7,2013
1101,Wednesday,Mar,13,2013
1102,Thursday,Mar,14,2013
1103,Thursday,Jan,3,2013
1104,Sunday,Mar,3,2013
1105,Wednesday,Mar,27,2013
1106,Monday,Mar,25,2013
1107,Sunday,Apr,28,2013
1108,Wednesday,Mar,20,2013
1109,Monday,Dec,31,2012
1110,Saturday,Mar,23,2013
1111,Friday,Mar,22,2013
1112,Friday,Jan,11,2013
1113,Saturday,Apr,13,2013
1114,Wednesday,Mar,6,2013
1115,Sunday,Mar,24,2013
1116,Friday,Mar,29,2013
1117,Thursday,Mar,21,2013
1118,Thursday,May,2,2013
1119,Friday,Mar,1,2013
1120,Friday,Dec,6,2013
1121,Tuesday,Mar,26,2013
1122,Wednesday,Feb,27,2013
1123,Friday,Apr,5,2013
1124,Thursday,Jan,10,2013
1125,Monday,Apr,22,2013
1126,Tuesday,Apr,16,2013
1127,Wednesday,Jan,9,2013
1128,Thursday,Apr,18,2013
1129,Wednesday,Apr,17,2013
1130,Monday,Apr,15,2013
1131,Sunday,Mar,17,2013
1132,Tuesday,Jan,1,2013
1133,Saturday,Apr,6,2013
1134,Friday,May,3,2013
1135,Tuesday,Apr,23,2013
1136,Tuesday,Apr,30,2013
1137,Tuesday,Mar,19,2013
1138,Saturday,Jan,12,2013
1139,Thursday,Apr,4,2013
1140,Monday,Apr,8,2013
1141,Saturday,Mar,2,2013
1142,Wednesday,Apr,24,2013
1143,Saturday,May,4,2013
1144,Thursday,May,9,2013
1145,Monday,May,6,2013
1146,Sunday,Mar,31,2013
1147,Sunday,May,19,2013
1148,Monday,May,27,2013
1149,Friday,Apr,19,2013
1150,Wednesday,May,1,2013
1151,Tuesday,Mar,5,2013
1152,Saturday,Apr,27,2013
1153,Sunday,Apr,7,2013
1154,Tuesday,Apr,9,2013
1155,Saturday,Apr,20,2013
1156,Saturday,Jun,8,2013
1157,Wednesday,Jan,16,2013
1158,Thursday,Jun,6,2013
1159,Friday,Jun,7,2013
1160,Tuesday,May,14,2013
1161,Thursday,May,23,2013
1162,Sunday,Jan,13,2013
1163,Friday,May,31,2013
1164,Thursday,Mar,28,2013
1165,Sunday,Apr,21,2013
1166,Wednesday,Jan,2,2013
1167,Monday,Apr,29,2013
1168,Thursday,Apr,25,2013
1169,Friday,Jan,4,2013
1170,Saturday,Mar,30,2013
1171,Tuesday,May,28,2013
1172,Wednesday,May,29,2013
1173,Wednesday,Apr,3,2013
1174,Monday,Jan,14,2013
1175,Sunday,May,12,2013
1176,Wednesday,Feb,13,2013
1177,Wednesday,May,15,2013
1178,Wednesday,Jun,5,2013
1179,Saturday,May,11,2013
1180,Monday,Mar,18,2013
1181,Monday,Mar,4,2013
1182,Tuesday,Jan,15,2013
1183,Sunday,May,5,2013
1184,Saturday,Mar,16,2013
1185,Saturday,Jun,1,2013
1186,Sunday,Jun,2,2013
1187,Friday,May,24,2013
1188,Tuesday,Apr,2,2013
1189,Friday,Apr,12,2013
1190,Wednesday,May,22,2013
1191,Saturday,Jan,5,2013
1192,Monday,May,20,2013
1193,Tuesday,Feb,26,2013
1194,Sunday,Apr,14,2013
1195,Friday,May,10,2013
1196,Thursday,Apr,11,2013
1197,Monday,Jun,3,2013
1198,Friday,Mar,15,2013
1199,Thursday,May,30,2013
1200,Sunday,Jun,30,2013
1201,Tuesday,Jun,11,2013
1202,Monday,Jun,17,2013
1203,Tuesday,Jul,2,2013
1204,Friday,Jun,14,2013
1205,Wednesday,Jun,12,2013
1206,Tuesday,Jun,18,2013
1207,Saturday,May,18,2013
1208,Sunday,Jun,9,2013
1209,Wednesday,Apr,10,2013
1210,Sunday,May,26,2013
1211,Saturday,Jun,29,2013
1212,Monday,Jun,10,2013
1213,Monday,Jul,1,2013
1214,Saturday,Jul,6,2013
1215,Wednesday,Jul,29,2015
1216,Friday,Jul,5,2013
1217,Sunday,Jun,16,2013
1218,Wednesday,Jul,3,2013
1219,Monday,Jul,8,2013
1220,Tuesday,Jun,4,2013
1221,Friday,Apr,26,2013
1222,Thursday,Feb,14,2013
1223,Thursday,Jun,20,2013
1224,Saturday,Feb,23,2013
1225,Sunday,Jun,23,2013
1226,Saturday,Jul,20,2013
1227,Thursday,Jul,11,2013
1228,Monday,Jun,24,2013
1229,Friday,Jul,17,2015
1230,Sunday,Jul,28,2013
1231,Tuesday,Jul,23,2013
1232,Sunday,Jul,7,2013
1233,Thursday,Jul,25,2013
1234,Wednesday,Jul,24,2013
1235,Saturday,Jul,27,2013
1236,Tuesday,Jul,9,2013
1237,Sunday,Aug,4,2013
1238,Wednesday,Jun,26,2013
1239,Saturday,Jan,19,2013
1240,Saturday,May,25,2013
1241,Thursday,Jul,4,2013
1242,Monday,Jul,22,2013
1243,Wednesday,Jul,31,2013
1244,Monday,Dec,7,2015
1245,Monday,Feb,11,2013
1246,Saturday,Aug,10,2013
1247,Saturday,Aug,24,2013
1248,Monday,Sep,2,2013
1249,Monday,Jul,29,2013
1250,Tuesday,Jan,22,2013
1251,Tuesday,Jul,30,2013
1252,Monday,Aug,12,2013
1253,Saturday,Aug,3,2013
1254,Saturday,Jul,13,2013
1255,Thursday,Aug,15,2013
1256,Friday,Aug,16,2013
1257,Thursday,Jan,24,2013
1258,Friday,Jul,26,2013
1259,Wednesday,Aug,14,2013
1260,Wednesday,Aug,21,2013
1261,Wednesday,Aug,28,2013
1262,Tuesday,Aug,27,2013
1263,Friday,Aug,2,2013
1264,Monday,Feb,25,2013
1265,Saturday,Aug,17,2013
1266,Thursday,Aug,22,2013
1267,Friday,Sep,27,2013
1268,Saturday,Jan,26,2013
1269,Friday,Sep,6,2013
1270,Thursday,Sep,5,2013
1271,Friday,Aug,30,2013
1272,Friday,Aug,23,2013
1273,Monday,Aug,19,2013
1274,Sunday,Aug,25,2013
1275,Monday,Aug,26,2013
1276,Wednesday,Sep,11,2013
1277,Tuesday,Sep,10,2013
1278,Thursday,Oct,10,2013
1279,Sunday,Oct,20,2013
1280,Tuesday,Oct,22,2013
1281,Wednesday,Oct,23,2013
1282,Saturday,Sep,7,2013
1283,Saturday,Aug,31,2013
1284,Monday,Oct,21,2013
1285,Sunday,Aug,18,2013
1286,Thursday,Aug,29,2013
1287,Sunday,Sep,1,2013
1288,Wednesday,Sep,4,2013
1289,Sunday,Aug,11,2013
1290,Tuesday,Aug,20,2013
1291,Friday,Jan,25,2013
1292,Saturday,Sep,21,2013
1293,Saturday,Sep,28,2013
1294,Thursday,Aug,8,2013
1295,Tuesday,Jan,29,2013
1296,Tuesday,Sep,17,2013
1297,Monday,Sep,16,2013
1298,Tuesday,Feb,12,2013
1299,Friday,Sep,13,2013
1300,Saturday,Sep,14,2013
1301,Friday,Sep,20,2013
1302,Monday,Sep,23,2013
1303,Sunday,Sep,22,2013
1304,Friday,Oct,11,2013
1305,Saturday,Oct,12,2013
1306,Tuesday,Sep,24,2013
1307,Sunday,Sep,8,2013
1308,Monday,Jan,28,2013
1309,Tuesday,Sep,3,2013
1310,Wednesday,Sep,18,2013
1311,Sunday,Jan,27,2013
1312,Saturday,Oct,5,2013
1313,Thursday,Sep,26,2013
1314,Sunday,Sep,15,2013
1315,Wednesday,Sep,25,2013
1316,Thursday,Sep,12,2013
1317,Friday,Oct,4,2013
1318,Monday,Sep,9,2013
1319,Sunday,Oct,13,2013
1320,Thursday,Sep,19,2013
1321,Thursday,Oct,17,2013
1322,Tuesday,Nov,5,2013
1323,Thursday,Nov,28,2013
1324,Wednesday,Oct,30,2013
1325,Thursday,Oct,24,2013
1326,Sunday,Sep,29,2013
1327,Thursday,Oct,3,2013
1328,Wednesday,Oct,9,2013
1329,Wednesday,Oct,16,2013
1330,Thursday,Nov,14,2013
1331,Tuesday,Oct,8,2013
1332,Wednesday,Jan,30,2013
1333,Monday,Sep,30,2013
1334,Friday,Feb,1,2013
1335,Thursday,Nov,21,2013
1336,Friday,Nov,8,2013
1337,Friday,Nov,22,2013
1338,Tuesday,Nov,19,2013
1339,Sunday,Oct,6,2013
1340,Saturday,Nov,9,2013
1341,Monday,Oct,7,2013
1342,Thursday,Oct,31,2013
1343,Friday,Nov,1,2013
1344,Thursday,Nov,7,2013
1345,Friday,Oct,18,2013
1346,Saturday,Oct,26,2013
1347,Saturday,Nov,23,2013
1348,Tuesday,Oct,15,2013
1349,Monday,Oct,28,2013
1350,Saturday,Nov,16,2013
1351,Friday,Oct,25,2013
1352,Saturday,Oct,19,2013
1353,Friday,Nov,15,2013
1354,Thursday,Jan,31,2013
1355,Wednesday,Nov,13,2013
1356,Monday,Oct,14,2013
1357,Wednesday,Oct,2,2013
1358,Wednesday,Nov,20,2013
1359,Wednesday,Nov,6,2013
1360,Sunday,Nov,17,2013
1361,Monday,Feb,4,2013
1362,Tuesday,Oct,29,2013
1363,Sunday,Oct,27,2013
1364,Sunday,Nov,3,2013
1365,Sunday,Nov,24,2013
1366,Thursday,Dec,5,2013
1367,Monday,Dec,9,2013
1368,Sunday,Dec,1,2013
1369,Monday,Dec,2,2013
1370,Monday,Nov,11,2013
1371,Saturday,Nov,30,2013
1372,Sunday,Dec,8,2013
1373,Saturday,Feb,2,2013
1374,Sunday,Nov,10,2013
1375,Wednesday,Dec,4,2013
1376,Monday,Nov,18,2013
1377,Sunday,Feb,3,2013
1378,Saturday,Dec,7,2013
1379,Wednesday,Dec,11,2013
1380,Friday,Feb,15,2013
1381,Sunday,Feb,10,2013
1382,Saturday,Feb,16,2013
1383,Sunday,Feb,17,2013
1384,Monday,Feb,18,2013
1385,Saturday,Nov,2,2013
1386,Friday,Feb,8,2013
1387,Friday,Nov,29,2013
1388,Thursday,Feb,7,2013
1389,Monday,Nov,4,2013
1390,Tuesday,Nov,26,2013
1391,Thursday,Dec,19,2013
1392,Tuesday,Dec,10,2013
1393,Tuesday,Nov,12,2013
1394,Tuesday,Feb,5,2013
1395,Saturday,Feb,9,2013
1396,Wednesday,Feb,6,2013
1397,Wednesday,Dec,18,2013
1398,Monday,Nov,25,2013
1399,Tuesday,Dec,3,2013
1400,Thursday,Dec,12,2013
1401,Friday,Dec,13,2013
1402,Tuesday,Dec,17,2013
1403,Sunday,Dec,22,2013
1404,Sunday,Feb,24,2013
1405,Friday,Dec,20,2013
1406,Sunday,Dec,15,2013
1407,Wednesday,Dec,25,2013
1408,Wednesday,Nov,27,2013
1409,Saturday,Dec,14,2013
1410,Tuesday,Feb,19,2013
1411,Wednesday,Feb,20,2013
1412,Monday,Dec,16,2013
1413,Saturday,Dec,21,2013
1414,Friday,Dec,27,2013
1415,Monday,Dec,30,2013
1416,Monday,Dec,23,2013
1417,Tuesday,Jan,7,2014
1418,Thursday,Feb,21,2013
1419,Saturday,Dec,28,2013
1420,Thursday,Feb,27,2014
1421,Wednesday,Feb,26,2014
1422,Friday,Feb,22,2013
1423,Friday,Feb,28,2014
1424,Tuesday,Dec,24,2013
1425,Thursday,Apr,24,2014
1426,Wednesday,Apr,30,2014
1427,Sunday,Jan,12,2014
1428,Tuesday,May,6,2014
1429,Saturday,Jan,18,2014
1430,Saturday,Jun,14,2014
1431,Thursday,Jun,19,2014
1432,Sunday,May,18,2014
1433,Sunday,Jan,19,2014
1434,Sunday,May,11,2014
1435,Friday,Jun,20,2014
1436,Sunday,Dec,29,2013
1437,Monday,May,5,2014
1438,Wednesday,Jan,15,2014
1439,Thursday,May,15,2014
1440,Saturday,May,17,2014
1441,Sunday,May,4,2014
1442,Friday,May,9,2014
1443,Monday,Jun,16,2014
1444,Tuesday,Jun,17,2014
1445,Tuesday,Jun,10,2014
1446,Friday,May,16,2014
1447,Thursday,Jan,2,2014
1448,Monday,May,19,2014
1449,Monday,Jan,13,2014
1450,Saturday,May,10,2014
1451,Thursday,Jun,12,2014
1452,Saturday,Mar,29,2014
1453,Friday,Jun,6,2014
1454,Friday,Jun,13,2014
1455,Thursday,May,1,2014
1456,Tuesday,Jun,3,2014
1457,Monday,Jun,9,2014
1458,Friday,Jan,17,2014
1459,Thursday,May,22,2014
1460,Friday,Mar,7,2014
1461,Saturday,Jun,21,2014
1462,Saturday,Feb,15,2014
1463,Thursday,Feb,20,2014
1464,Wednesday,Jun,11,2014
1465,Friday,Mar,28,2014
1466,Thursday,Jan,9,2014
1467,Tuesday,May,27,2014
1468,Sunday,May,25,2014
1469,Thursday,Mar,6,2014
1470,Monday,Mar,10,2014
1471,Tuesday,Mar,11,2014
1472,Wednesday,Mar,12,2014
1473,Sunday,Mar,23,2014
1474,Tuesday,Dec,31,2013
1475,Sunday,Apr,13,2014
1476,Wednesday,Apr,9,2014
1477,Thursday,Mar,27,2014
1478,Friday,Apr,4,2014
1479,Thursday,May,29,2014
1480,Thursday,Jan,16,2014
1481,Saturday,May,31,2014
1482,Saturday,Apr,19,2014
1483,Wednesday,May,28,2014
1484,Monday,Mar,17,2014
1485,Thursday,Mar,13,2014
1486,Saturday,Mar,22,2014
1487,Wednesday,May,21,2014
1488,Monday,Mar,31,2014
1489,Monday,Apr,14,2014
1490,Monday,Mar,24,2014
1491,Tuesday,May,20,2014
1492,Friday,Apr,18,2014
1493,Thursday,Feb,28,2013
1494,Monday,Jun,23,2014
1495,Monday,Apr,21,2014
1496,Saturday,Jan,11,2014
1497,Thursday,Apr,10,2014
1498,Wednesday,Jun,25,2014
1499,Thursday,Feb,13,2014
1500,Tuesday,Jun,24,2014
1501,Tuesday,Jan,14,2014
1502,Sunday,Mar,30,2014
1503,Saturday,May,24,2014
1504,Friday,Jan,3,2014
1505,Thursday,May,8,2014
1506,Wednesday,Jun,4,2014
1507,Saturday,Apr,26,2014
1508,Thursday,Mar,20,2014
1509,Friday,Mar,21,2014
1510,Wednesday,Apr,23,2014
1511,Tuesday,Apr,22,2014
1512,Monday,Jun,2,2014
1513,Sunday,Mar,2,2014
1514,Monday,Mar,3,2014
1515,Sunday,Apr,27,2014
1516,Monday,May,26,2014
1517,Saturday,Jan,4,2014
1518,Wednesday,Apr,2,2014
1519,Friday,May,30,2014
1520,Friday,Jan,10,2014
1521,Thursday,Apr,3,2014
1522,Saturday,Mar,8,2014
1523,Tuesday,Mar,18,2014
1524,Tuesday,Apr,8,2014
1525,Friday,Feb,14,2014
1526,Monday,Apr,7,2014
1527,Tuesday,Apr,15,2014
1528,Monday,Feb,3,2014
1529,Monday,Feb,24,2014
1530,Wednesday,Jun,18,2014
1531,Sunday,Jan,5,2014
1532,Sunday,Apr,20,2014
1533,Wednesday,Mar,5,2014
1534,Saturday,Mar,15,2014
1535,Monday,May,12,2014
1536,Saturday,Apr,12,2014
1537,Friday,May,2,2014
1538,Wednesday,May,14,2014
1539,Friday,Apr,11,2014
1540,Tuesday,Apr,29,2014
1541,Wednesday,May,7,2014
1542,Tuesday,Mar,4,2014
1543,Saturday,Apr,5,2014
1544,Tuesday,Apr,1,2014
1545,Sunday,Mar,9,2014
1546,Friday,Mar,14,2014
1547,Thursday,Apr,17,2014
1548,Wednesday,Apr,16,2014
1549,Wednesday,Mar,19,2014
1550,Sunday,Apr,6,2014
1551,Tuesday,Jan,28,2014
1552,Wednesday,Feb,5,2014
1553,Tuesday,May,13,2014
1554,Wednesday,Mar,26,2014
1555,Friday,Feb,21,2014
1556,Sunday,Mar,16,2014
1557,Sunday,Jun,8,2014
1558,Sunday,Feb,16,2014
1559,Sunday,Feb,2,2014
1560,Saturday,Aug,2,2014
1561,Tuesday,Aug,12,2014
1562,Saturday,Aug,9,2014
1563,Wednesday,Jul,16,2014
1564,Thursday,Aug,7,2014
1565,Monday,Apr,28,2014
1566,Tuesday,Jul,22,2014
1567,Thursday,Jul,17,2014
1568,Saturday,Jul,5,2014
1569,Sunday,Aug,17,2014
1570,Tuesday,Feb,11,2014
1571,Monday,Jul,21,2014
1572,Sunday,Jul,27,2014
1573,Wednesday,Aug,27,2014
1574,Monday,Sep,1,2014
1575,Friday,Aug,29,2014
1576,Monday,Jul,14,2014
1577,Thursday,Jul,3,2014
1578,Thursday,Aug,28,2014
1579,Sunday,Jan,26,2014
1580,Monday,Aug,25,2014
1581,Friday,Sep,26,2014
1582,Thursday,Sep,25,2014
1583,Monday,Oct,6,2014
1584,Monday,Sep,29,2014
1585,Friday,Oct,3,2014
1586,Saturday,Sep,27,2014
1587,Sunday,Oct,5,2014
1588,Thursday,Oct,9,2014
1589,Tuesday,Sep,30,2014
1590,Thursday,Jan,30,2014
1591,Tuesday,Jan,21,2014
1592,Saturday,Feb,1,2014
1593,Sunday,Sep,28,2014
1594,Friday,Oct,10,2014
1595,Friday,Aug,22,2014
1596,Tuesday,Sep,23,2014
1597,Wednesday,Sep,24,2014
1598,Monday,Jul,28,2014
1599,Saturday,Oct,4,2014
1600,Tuesday,Sep,2,2014
1601,Friday,Sep,5,2014
1602,Sunday,Jul,6,2014
1603,Wednesday,Jan,29,2014
1604,Monday,Jun,30,2014
1605,Tuesday,Jul,1,2014
1606,Friday,Jul,11,2014
1607,Sunday,Jul,20,2014
1608,Saturday,Jun,28,2014
1609,Friday,Jan,24,2014
1610,Thursday,Sep,18,2014
1611,Saturday,Jul,12,2014
1612,Sunday,Aug,10,2014
1613,Saturday,Sep,6,2014
1614,Thursday,Sep,4,2014
1615,Monday,Jan,27,2014
1616,Thursday,Sep,11,2014
1617,Monday,Sep,8,2014
1618,Monday,Aug,18,2014
1619,Saturday,Aug,23,2014
1620,Wednesday,Aug,13,2014
1621,Wednesday,Sep,3,2014
1622,Tuesday,Oct,7,2014
1623,Wednesday,Oct,8,2014
1624,Friday,Aug,8,2014
1625,Sunday,Nov,2,2014
1626,Tuesday,Sep,16,2014
1627,Thursday,Aug,21,2014
1628,Monday,Sep,15,2014
1629,Sunday,Sep,21,2014
1630,Monday,Sep,22,2014
1631,Thursday,Jun,26,2014
1632,Wednesday,Jul,2,2014
1633,Saturday,Oct,18,2014
1634,Wednesday,Jul,23,2014
1635,Wednesday,Jul,9,2014
1636,Thursday,Jul,10,2014
1637,Wednesday,Sep,17,2014
1638,Thursday,Jan,23,2014
1639,Friday,Sep,19,2014
1640,Tuesday,Jul,8,2014
1641,Friday,Sep,12,2014
1642,Sunday,Aug,3,2014
1643,Monday,Aug,4,2014
1644,Sunday,Sep,14,2014
1645,Thursday,Jul,24,2014
1646,Saturday,Jul,19,2014
1647,Tuesday,Jul,15,2014
1648,Friday,Jan,31,2014
1649,Sunday,Jul,13,2014
1650,Wednesday,Jul,30,2014
1651,Thursday,Aug,14,2014
1652,Wednesday,Jan,22,2014
1653,Friday,Jul,18,2014
1654,Wednesday,Aug,6,2014
1655,Tuesday,Jul,29,2014
1656,Saturday,Aug,16,2014
1657,Saturday,Jan,25,2014
1658,Friday,Aug,15,2014
1659,Sunday,Sep,7,2014
1660,Sunday,Aug,31,2014
1661,Friday,Jul,25,2014
1662,Tuesday,Aug,19,2014
1663,Wednesday,Aug,20,2014
1664,Tuesday,Aug,5,2014
1665,Friday,Jun,27,2014
1666,Sunday,Aug,24,2014
1667,Tuesday,Aug,26,2014
1668,Thursday,Jul,31,2014
1669,Monday,Aug,11,2014
1670,Sunday,Jun,29,2014
1671,Saturday,Sep,13,2014
1672,Friday,Jul,4,2014
1673,Saturday,Aug,30,2014
1674,Wednesday,Feb,19,2014
1675,Monday,Jan,6,2014
1676,Wednesday,Sep,10,2014
1677,Monday,Oct,13,2014
1678,Tuesday,Feb,25,2014
1679,Saturday,Feb,22,2014
1680,Sunday,Oct,26,2014
1681,Thursday,Dec,25,2014
1682,Saturday,Nov,22,2014
1683,Saturday,Oct,25,2014
1684,Thursday,Oct,30,2014
1685,Monday,Nov,10,2014
1686,Tuesday,Nov,25,2014
1687,Friday,Dec,12,2014
1688,Saturday,Feb,8,2014
1689,Monday,Oct,27,2014
1690,Friday,Oct,31,2014
1691,Tuesday,Nov,4,2014
1692,Wednesday,Nov,5,2014
1693,Thursday,Oct,23,2014
1694,Thursday,Oct,16,2014
1695,Friday,Oct,24,2014
1696,Sunday,Nov,30,2014
1697,Sunday,Feb,9,2014
1698,Friday,Feb,7,2014
1699,Saturday,Nov,29,2014
1700,Tuesday,Dec,2,2014
1701,Tuesday,Feb,4,2014
1702,Saturday,Dec,6,2014
1703,Wednesday,Dec,3,2014
1704,Sunday,Nov,9,2014
1705,Sunday,Dec,14,2014
1706,Sunday,Oct,19,2014
1707,Thursday,Dec,4,2014
1708,Tuesday,Nov,11,2014
1709,Wednesday,Oct,22,2014
1710,Sunday,Oct,12,2014
1711,Tuesday,Oct,28,2014
1712,Wednesday,Oct,29,2014
1713,Tuesday,Oct,14,2014
1714,Wednesday,Feb,12,2014
1715,Friday,Nov,21,2014
1716,Thursday,Feb,6,2014
1717,Saturday,Oct,11,2014
1718,Monday,Dec,8,2014
1719,Monday,Feb,10,2014
1720,Thursday,Nov,27,2014
1721,Friday,Nov,28,2014
1722,Friday,Oct,17,2014
1723,Wednesday,Nov,12,2014
1724,Wednesday,Nov,19,2014
1725,Friday,Nov,7,2014
1726,Thursday,Nov,6,2014
1727,Sunday,Nov,16,2014
1728,Saturday,Nov,15,2014
1729,Thursday,Nov,13,2014
1730,Monday,Feb,17,2014
1731,Tuesday,Feb,18,2014
1732,Sunday,Feb,23,2014
1733,Sunday,Mar,8,2015
1734,Wednesday,Jul,22,2015
1735,Sunday,Apr,26,2015
1736,Monday,Jun,1,2015
1737,Saturday,Jun,20,2015
1738,Tuesday,Jun,2,2015
1739,Thursday,May,28,2015
1740,Thursday,Jun,18,2015
1741,Thursday,May,21,2015
1742,Tuesday,May,26,2015
1743,Thursday,Jun,4,2015
1744,Friday,Jun,12,2015
1745,Sunday,Jun,21,2015
1746,Wednesday,Jun,17,2015
1747,Saturday,Aug,1,2015
1748,Friday,Jun,19,2015
1749,Monday,Jun,15,2015
1750,Sunday,May,24,2015
1751,Tuesday,Oct,6,2015
1752,Tuesday,Jun,9,2015
1753,Saturday,Jun,13,2015
1754,Sunday,Jun,14,2015
1755,Monday,Jun,22,2015
1756,Tuesday,Jul,28,2015
1757,Wednesday,Jun,10,2015
1758,Sunday,Jun,28,2015
1759,Saturday,Jun,27,2015
1760,Thursday,Jun,11,2015
1761,Tuesday,Jun,23,2015
1762,Thursday,Jun,25,2015
1763,Wednesday,Jun,24,2015
1764,Friday,Jun,26,2015
1765,Monday,Jul,20,2015
1766,Tuesday,Jun,30,2015
1767,Wednesday,Jul,1,2015
1768,Thursday,Aug,20,2015
1769,Saturday,Jul,25,2015
1770,Sunday,Jul,26,2015
1771,Sunday,Jul,12,2015
1772,Thursday,Jul,2,2015
1773,Monday,Jun,29,2015
1774,Tuesday,Jul,21,2015
1775,Monday,Aug,24,2015
1776,Friday,Jul,24,2015
1777,Friday,Aug,21,2015
1778,Thursday,Aug,13,2015
1779,Saturday,Aug,29,2015
1780,Saturday,Jul,18,2015
1781,Sunday,Aug,16,2015
1782,Monday,Sep,21,2015
1783,Tuesday,Aug,25,2015
1784,Sunday,Sep,20,2015
1785,Friday,Sep,11,2015
1786,Saturday,Sep,12,2015
1787,Saturday,Jul,4,2015
1788,Thursday,Aug,27,2015
1789,Friday,Aug,28,2015
1790,Friday,Jul,3,2015
1791,Sunday,Aug,30,2015
1792,Friday,Jul,31,2015
1793,Tuesday,Jul,14,2015
1794,Sunday,Aug,2,2015
1795,Sunday,Sep,13,2015
1796,Monday,Aug,10,2015
1797,Wednesday,Sep,9,2015
1798,Wednesday,Aug,26,2015
1799,Thursday,Sep,17,2015
1800,Monday,Aug,31,2015
1801,Saturday,Sep,5,2015
1802,Saturday,Aug,22,2015
1803,Friday,Sep,18,2015
1804,Wednesday,Sep,16,2015
1805,Wednesday,Sep,2,2015
1806,Friday,Sep,4,2015
1807,Saturday,Aug,15,2015
1808,Sunday,Aug,23,2015
1809,Monday,Aug,17,2015
1810,Thursday,Jul,9,2015
1811,Tuesday,Sep,8,2015
1812,Monday,Jul,6,2015
1813,Sunday,Jul,19,2015
1814,Monday,Jul,13,2015
1815,Tuesday,Aug,4,2015
1816,Thursday,Jul,30,2015
1817,Saturday,Sep,19,2015
1818,Saturday,Oct,3,2015
1819,Wednesday,Jul,15,2015
1820,Tuesday,Aug,11,2015
1821,Sunday,Sep,6,2015
1822,Sunday,Oct,4,2015
1823,Monday,Sep,7,2015
1824,Wednesday,Oct,7,2015
1825,Monday,Sep,28,2015
1826,Thursday,Sep,10,2015
1827,Tuesday,Sep,1,2015
1828,Tuesday,Aug,18,2015
1829,Thursday,Aug,6,2015
1830,Friday,Aug,7,2015
1831,Sunday,Jul,5,2015
1832,Tuesday,Jul,7,2015
1833,Wednesday,Aug,5,2015
1834,Monday,Jul,27,2015
1835,Tuesday,Sep,15,2015
1836,Wednesday,Sep,30,2015
1837,Friday,Sep,25,2015
1838,Saturday,Oct,10,2015
1839,Monday,Oct,12,2015
1840,Tuesday,Sep,22,2015
1841,Thursday,Jul,16,2015
1842,Sunday,Aug,9,2015
1843,Saturday,Jul,11,2015
1844,Wednesday,Jul,8,2015
1845,Tuesday,Dec,8,2015
1846,Wednesday,Aug,19,2015
1847,Monday,Aug,3,2015
1848,Monday,Sep,14,2015
1849,Friday,Dec,18,2015
1850,Wednesday,Sep,23,2015
1851,Sunday,Oct,11,2015
1852,Tuesday,Sep,29,2015
1853,Friday,Oct,2,2015
1854,Thursday,Oct,8,2015
1855,Sunday,Sep,27,2015
1856,Thursday,Sep,24,2015
1857,Thursday,Nov,12,2015
1858,Saturday,Sep,26,2015
1859,Wednesday,Dec,9,2015
1860,Monday,Oct,5,2015
1861,Sunday,Oct,18,2015
1862,Wednesday,Nov,25,2015
1863,Saturday,Oct,17,2015
1864,Tuesday,Nov,3,2015
1865,Thursday,Nov,19,2015
1866,Friday,Nov,20,2015
1867,Monday,Nov,2,2015
1868,Sunday,Nov,22,2015
1869,Friday,Nov,13,2015
1870,Sunday,Nov,8,2015
1871,Saturday,Nov,14,2015
1872,Monday,Dec,14,2015
1873,Friday,Oct,23,2015
1874,Saturday,Nov,28,2015
1875,Monday,Oct,19,2015
1876,Tuesday,Nov,10,2015
1877,Tuesday,Oct,20,2015
1878,Wednesday,Oct,21,2015
1879,Thursday,Oct,22,2015
1880,Monday,Nov,16,2015
1881,Tuesday,Nov,17,2015
1882,Thursday,Nov,26,2015
1883,Tuesday,Oct,27,2015
1884,Saturday,Oct,24,2015
1885,Sunday,Oct,25,2015
1886,Thursday,Oct,29,2015
1887,Friday,Oct,30,2015
